date,start_time,comp,round,dayofweek,venue,result,goals_for,goals_against,opponent,xg_for,xg_against,possession,attendance,captain,formation,referee,match_report,Notes
2017-08-05,15:00 (07:00),Championship,Matchweek 1,Sat,Away,D,1,1,Fulham,52,"20,134",Russell Martin,3-5-2,James Linington,Match Report,,,
2017-08-08,19:45 (11:45),EFL Cup,First round,Tue,Home,W,3,2,Swindon Town,63,"13,166",Wes Hoolahan,4-3-3,Geoff Eltringham,Match Report,,,
2017-08-13,13:30 (05:30),Championship,Matchweek 2,Sun,Home,L,1,3,Sunderland,71,"26,343",Russell Martin,3-5-2,Andy Madley,Match Report,,,
2017-08-16,19:45 (11:45),Championship,Matchweek 3,Wed,Home,W,2,0,QPR,46,"26,082",Wes Hoolahan,4-1-4-1,Oliver Langford,Match Report,,,
2017-08-19,15:00 (07:00),Championship,Matchweek 4,Sat,Away,L,2,4,Aston Villa,63,"29,157",Russell Martin,4-1-4-1,Jeremy Simpson,Match Report,,,
2017-08-22,19:45 (11:45),EFL Cup,Second round,Tue,Home,W,4,1,Charlton Ath,59,"12,521",Russell Martin,4-1-4-1,Andy Haines,Match Report,,,
2017-08-26,15:00 (07:00),Championship,Matchweek 5,Sat,Away,L,0,4,Millwall,72,"12,671",Russell Martin,4-1-4-1,Tony Harrington,Match Report,,,
2017-09-09,15:00 (07:00),Championship,Matchweek 6,Sat,Home,W,1,0,Birmingham City,42,"26,335",Ivo Pinto,4-2-3-1,Simon Hooper,Match Report,,,
2017-09-12,19:45 (11:45),Championship,Matchweek 7,Tue,Home,D,0,0,Burton Albion,69,"24,841",Ivo Pinto,4-2-3-1,Andrew Davies,Match Report,,,
2017-09-16,15:00 (07:00),Championship,Matchweek 8,Sat,Away,W,1,0,Sheffield Utd,32,"26,218",Ivo Pinto,4-2-3-1,Scott Duncan,Match Report,,,
2017-09-19,19:45 (11:45),EFL Cup,Third round,Tue,Away,W,3,1,Brentford,54,"4,863",Ivo Pinto,4-4-2,James Linington,Match Report,,,
2017-09-23,15:00 (07:00),Championship,Matchweek 9,Sat,Home,D,0,0,Bristol City,49,"25,715",Ivo Pinto,4-2-3-1,Keith Stroud,Match Report,,,
2017-09-26,19:45 (11:45),Championship,Matchweek 10,Tue,Away,W,1,0,Middlesbrough,39,"24,084",Ivo Pinto,4-2-3-1,Jeremy Simpson,Match Report,,,
2017-09-30,17:30 (09:30),Championship,Matchweek 11,Sat,Away,W,2,1,Reading,46,"14,226",Ivo Pinto,4-2-3-1,Tim Robinson,Match Report,,,
2017-10-14,15:00 (07:00),Championship,Matchweek 12,Sat,Home,D,1,1,Hull City,72,"25,666",Ivo Pinto,4-2-3-1,Keith Stroud,Match Report,,,
2017-10-22,12:00 (04:00),Championship,Matchweek 13,Sun,Away,W,1,0,Ipswich Town,47,"24,928",Ivo Pinto,4-2-3-1,Tim Robinson,Match Report,,,
2017-10-24,19:45 (11:45),EFL Cup,Fourth round,Tue,Away,L,1,2,Arsenal,43,"58,444",Ivo Pinto,4-2-3-1,Andy Madley,Match Report,Required Extra Time,,
2017-10-28,15:00 (07:00),Championship,Matchweek 14,Sat,Home,L,1,2,Derby County,58,"26,048",Ivo Pinto,4-2-3-1,Peter Bankes,Match Report,,,
2017-10-31,19:45 (12:45),Championship,Matchweek 15,Tue,Home,L,0,2,Wolves,53,"26,554",Ivo Pinto,4-2-3-1,Darren England,Match Report,,,
2017-11-04,15:00 (08:00),Championship,Matchweek 16,Sat,Away,L,1,2,Bolton,67,"14,786",Ivo Pinto,4-2-3-1,Steve Martin,Match Report,,,
2017-11-18,15:00 (08:00),Championship,Matchweek 17,Sat,Home,D,1,1,Barnsley,49,"25,545",Ivo Pinto,4-4-1-1,Scott Duncan,Match Report,,,
2017-11-21,19:45 (12:45),Championship,Matchweek 18,Tue,Away,L,0,1,Nott'ham Forest,47,"23,831",Ivo Pinto,4-2-3-1,Tony Harrington,Match Report,,,
2017-11-25,15:00 (08:00),Championship,Matchweek 19,Sat,Home,D,1,1,Preston,52,"21,167",Ivo Pinto,4-2-3-1,Tim Robinson,Match Report,,,
2017-12-01,19:45 (12:45),Championship,Matchweek 20,Fri,Away,L,1,3,Cardiff City,63,"17,033",Ivo Pinto,4-2-3-1,Andrew Davies,Match Report,,,
2017-12-09,17:30 (10:30),Championship,Matchweek 21,Sat,Home,W,3,1,Sheffield Weds,49,"25,561",Ivo Pinto,4-2-3-1,James Linington,Match Report,,,
2017-12-16,15:00 (08:00),Championship,Matchweek 22,Sat,Away,L,0,1,Leeds United,56,"30,590",Ivo Pinto,4-2-3-1,Darren England,Match Report,,,
2017-12-22,19:45 (12:45),Championship,Matchweek 23,Fri,Home,L,1,2,Brentford,56,"26,725",Ivo Pinto,4-2-3-1,Jeremy Simpson,Match Report,,,
2017-12-26,15:00 (08:00),Championship,Matchweek 24,Tue,Away,W,2,0,Birmingham City,52,"19,967",Ivo Pinto,4-2-3-1,David Coote,Match Report,,,
2017-12-30,15:00 (08:00),Championship,Matchweek 25,Sat,Away,D,0,0,Burton Albion,53,"4,565",Ivo Pinto,4-2-3-1,Robert Jones,Match Report,,,
2018-01-01,15:00 (08:00),Championship,Matchweek 26,Mon,Home,W,2,1,Millwall,61,"25,774",Ivo Pinto,4-2-3-1,Steve Martin,Match Report,,,
,,,,,,,,,,,,,,,,,,
2018-01-06,17:30 (10:30),FA Cup,Third round,Sat,Home,D,0,0,Chelsea,40,"23,598",Ivo Pinto,3-4-3,Stuart Attwell,Match Report,,,
2018-01-13,15:00 (08:00),Championship,Matchweek 27,Sat,Away,W,1,0,Bristol City,36,"21,282",Ivo Pinto,3-4-1-2,Simon Hooper,Match Report,,,
2018-01-17,19:45 (12:45),FA Cup,Third round,Wed,Away,D,1 (3),1 (5),Chelsea,42,"39,684",Ivo Pinto,3-4-1-2,Graham Scott,Match Report,Chelsea won replayed match on penalty kicks following extra time,,
2018-01-20,15:00 (08:00),Championship,Matchweek 28,Sat,Home,L,1,2,Sheffield Utd,60,"26,486",Ivo Pinto,3-4-1-2,Tony Harrington,Match Report,,,
2018-01-27,15:00 (08:00),Championship,Matchweek 29,Sat,Away,W,1,0,Brentford,48,"10,252",Alexander Tettey,3-4-1-2,Scott Duncan,Match Report,,,
2018-02-03,15:00 (08:00),Championship,Matchweek 30,Sat,Home,W,1,0,Middlesbrough,74,"25,960",Alexander Tettey,3-4-1-2,Mike Jones,Match Report,,,
2018-02-10,15:00 (08:00),Championship,Matchweek 31,Sat,Away,D,1,1,Derby County,59,"27,171",Alexander Tettey,3-4-1-2,Jeremy Simpson,Match Report,,,
2018-02-18,12:00 (05:00),Championship,Matchweek 32,Sun,Home,D,1,1,Ipswich Town,65,"27,100",Alexander Tettey,3-4-1-2,David Coote,Match Report,,,
2018-02-21,19:45 (12:45),Championship,Matchweek 33,Wed,Away,D,2,2,Wolves,56,"29,100",Timm Klose,3-4-1-2,James Linington,Match Report,,,
2018-02-24,15:00 (08:00),Championship,Matchweek 34,Sat,Home,D,0,0,Bolton,75,"25,475",Alexander Tettey,4-1-4-1,Keith Stroud,Match Report,,,
2018-03-06,19:45 (12:45),Championship,Matchweek 36,Tue,Home,D,0,0,Nott'ham Forest,66,"25,184",Alexander Tettey,4-2-3-1,Darren England,Match Report,,,
2018-03-10,15:00 (08:00),Championship,Matchweek 37,Sat,Away,L,3,4,Hull City,57,"15,120",Alexander Tettey,4-2-3-1,Tim Robinson,Match Report,,,
2018-03-13,19:45 (12:45),Championship,Matchweek 35,Tue,Away,D,1,1,Barnsley,51,"11,508",Ivo Pinto,3-4-1-2,Steve Martin,Match Report,,,
2018-03-17,15:00 (08:00),Championship,Matchweek 38,Sat,Home,W,3,2,Reading,45,"25,098",Ivo Pinto,4-2-3-1,Oliver Langford,Match Report,,,
2018-03-30,15:00 (07:00),Championship,Matchweek 39,Fri,Home,L,0,2,Fulham,46,"26,750",Ivo Pinto,4-2-3-1,Keith Stroud,Match Report,,,
2018-04-02,15:00 (07:00),Championship,Matchweek 40,Mon,Away,L,1,4,QPR,57,"14,053",Ivo Pinto,4-2-3-1,James Linington,Match Report,,,
2018-04-07,12:30 (04:30),Championship,Matchweek 41,Sat,Home,W,3,1,Aston Villa,43,"26,278",Ivo Pinto,4-2-3-1,Peter Bankes,Match Report,,,
2018-04-10,19:45 (11:45),Championship,Matchweek 42,Tue,Away,D,1,1,Sunderland,56,"24,894",Ivo Pinto,4-2-3-1,David Coote,Match Report,,,
2018-04-14,15:00 (07:00),Championship,Matchweek 43,Sat,Home,L,0,2,Cardiff City,67,"25,503",Alexander Tettey,4-3-3,Tim Robinson,Match Report,,,
2018-04-21,15:00 (07:00),Championship,Matchweek 44,Sat,Away,D,0,0,Preston,56,"13,038",Alexander Tettey,4-3-3,Geoff Eltringham,Match Report,,,
2018-04-28,15:00 (07:00),Championship,Matchweek 45,Sat,Home,W,2,1,Leeds United,51,"26,869",Wes Hoolahan,4-2-3-1,John Brooks,Match Report,,,
2018-05-06,12:30 (04:30),Championship,Matchweek 46,Sun,Away,L,1,5,Sheffield Weds,60,"28,189",Timm Klose,4-2-3-1,Robert Jones,Match Report,,,
2018-08-04,15:00 (07:00),Championship,Matchweek 1,Sat,Away,D,2,2,Birmingham City,1.8,1.3,70,"22,677",Grant Hanley,4-1-4-1,Peter Bankes,Match Report,
2018-08-11,15:00 (07:00),Championship,Matchweek 2,Sat,Home,L,3,4,West Brom,3.5,1.4,59,"25,144",Grant Hanley,4-3-3,Lee Mason,Match Report,
2018-08-14,19:45 (11:45),EFL Cup,First round,Tue,Home,W,3,1,Stevenage,,,71,"11,687",Christoph Zimmermann,4-2-3-1,Craig Hicks,Match Report,
2018-08-18,15:00 (07:00),Championship,Matchweek 3,Sat,Away,L,1,2,Sheffield Utd,2.3,1.8,47,"23,850",Grant Hanley,4-2-3-1,Darren Bond,Match Report,
2018-08-22,19:45 (11:45),Championship,Matchweek 4,Wed,Home,W,2,0,Preston,0.6,0.4,50,"24,936",Grant Hanley,4-2-3-1,Gavin Ward,Match Report,
2018-08-25,15:00 (07:00),Championship,Matchweek 5,Sat,Home,L,0,3,Leeds United,0.5,0.6,42,"25,944",Grant Hanley,4-2-3-1,Simon Hooper,Match Report,
2018-08-28,19:45 (11:45),EFL Cup,Second round,Tue,Away,W,3,1,Cardiff City,,,49,"6,953",Alexander Tettey,4-5-1,Andy Madley,Match Report,
2018-09-02,12:00 (04:00),Championship,Matchweek 6,Sun,Away,D,1,1,Ipswich Town,0.8,1.5,55,"25,690",Grant Hanley,4-2-3-1,Robert Jones,Match Report,
2018-09-15,15:00 (07:00),Championship,Matchweek 7,Sat,Home,W,1,0,Middlesbrough,0.7,0.6,62,"24,642",Alexander Tettey,4-3-3,James Linington,Match Report,
2018-09-19,20:00 (12:00),Championship,Matchweek 8,Wed,Away,W,2,1,Reading,0.6,0.9,52,"12,822",Alexander Tettey,4-2-3-1,Tim Robinson,Match Report,
2018-09-22,17:30 (09:30),Championship,Matchweek 9,Sat,Away,W,1,0,QPR,1.1,0.5,63,"12,843",Alexander Tettey,4-2-3-1,Darren Bond,Match Report,
2018-09-25,19:45 (11:45),EFL Cup,Third round,Tue,Away,W,4,3,Wycombe,,,53,"3,947",Ivo Pinto,4-2-3-1,Jeremy Simpson,Match Report,
2018-09-29,15:00 (07:00),Championship,Matchweek 10,Sat,Home,W,1,0,Wigan Athletic,1.4,0.5,56,"25,034",Alexander Tettey,4-2-3-1,Gavin Ward,Match Report,
2018-10-03,19:45 (11:45),Championship,Matchweek 11,Wed,Away,D,1,1,Derby County,0.9,1.1,42,"24,236",Alexander Tettey,4-2-3-1,Geoff Eltringham,Match Report,
2018-10-06,15:00 (07:00),Championship,Matchweek 12,Sat,Home,L,0,1,Stoke City,0.7,0.7,69,"24,992",Alexander Tettey,4-2-3-1,David Coote,Match Report,
2018-10-20,15:00 (07:00),Championship,Matchweek 13,Sat,Away,W,2,1,Nott'ham Forest,2.4,0.8,56,"29,427",Alexander Tettey,4-2-3-1,Keith Stroud,Match Report,
2018-10-23,19:45 (11:45),Championship,Matchweek 14,Tue,Home,W,2,1,Aston Villa,0.7,0.6,48,"24,977",Timm Klose,4-2-3-1,Simon Hooper,Match Report,
2018-10-27,15:00 (07:00),Championship,Matchweek 15,Sat,Home,W,1,0,Brentford,1.3,0.9,47,"25,443",Alexander Tettey,4-2-3-1,Oliver Langford,Match Report,
2018-10-30,19:45 (12:45),EFL Cup,Fourth round,Tue,Away,L,1,2,Bournemouth,,,59,"10,331",Alexander Tettey,4-2-3-1,Lee Mason,Match Report,
2018-11-03,15:00 (08:00),Championship,Matchweek 16,Sat,Away,W,4,0,Sheffield Weds,3.8,1.0,59,"23,425",Alexander Tettey,4-2-3-1,Steve Martin,Match Report,
2018-11-10,15:00 (08:00),Championship,Matchweek 17,Sat,Home,W,4,3,Millwall,2.4,0.8,60,"26,289",Alexander Tettey,4-2-3-1,Jeremy Simpson,Match Report,
2018-11-24,15:00 (08:00),Championship,Matchweek 18,Sat,Away,W,4,1,Swansea City,1.6,1.2,44,"18,780",Alexander Tettey,4-2-3-1,Darren Bond,Match Report,
2018-11-27,19:45 (12:45),Championship,Matchweek 19,Tue,Away,D,0,0,Hull City,1.1,0.9,66,"11,420",Alexander Tettey,4-2-3-1,Geoff Eltringham,Match Report,
2018-12-01,15:00 (08:00),Championship,Matchweek 20,Sat,Home,W,3,1,Rotherham Utd,3.0,0.9,65,"25,858",Alexander Tettey,4-2-3-1,Steve Martin,Match Report,
2018-12-08,15:00 (08:00),Championship,Matchweek 21,Sat,Home,W,3,2,Bolton,1.5,1.3,67,"25,811",Alexander Tettey,4-2-3-1,Scott Duncan,Match Report,
2018-12-15,17:30 (10:30),Championship,Matchweek 22,Sat,Away,D,2,2,Bristol City,1.0,0.7,62,"19,851",Alexander Tettey,4-2-3-1,Roger East,Match Report,
2018-12-22,15:00 (08:00),Championship,Matchweek 23,Sat,Away,W,1,0,Blackburn,1.5,1.2,60,"14,202",Alexander Tettey,4-2-3-1,Darren England,Match Report,
2018-12-26,15:00 (08:00),Championship,Matchweek 24,Wed,Home,D,3,3,Nott'ham Forest,4.0,0.7,60,"26,933",Alexander Tettey,4-2-3-1,John Brooks,Match Report,
2018-12-29,15:00 (08:00),Championship,Matchweek 25,Sat,Home,L,3,4,Derby County,2.3,1.7,62,"26,866",Alexander Tettey,4-2-3-1,David Webb,Match Report,
2019-01-01,15:00 (08:00),Championship,Matchweek 26,Tue,Away,D,1,1,Brentford,0.5,1.1,55,"9,524",Alexander Tettey,4-2-3-1,Gavin Ward,Match Report,
,,,,,,,,,,,,,,,,,,
2019-01-05,17:30 (10:30),FA Cup,Third round,Sat,Home,L,0,1,Portsmouth,,,56,"23,201",Grant Hanley,4-2-3-1,Darren Bond,Match Report,
2019-01-12,15:00 (08:00),Championship,Matchweek 27,Sat,Away,D,1,1,West Brom,1.1,1.2,51,"26,544",Alexander Tettey,4-2-3-1,Darren England,Match Report,
2019-01-18,19:45 (12:45),Championship,Matchweek 28,Fri,Home,W,3,1,Birmingham City,1.3,0.4,65,"25,932",Christoph Zimmermann,4-2-3-1,Tim Robinson,Match Report,
2019-01-26,15:00 (08:00),Championship,Matchweek 29,Sat,Home,D,2,2,Sheffield Utd,1.0,2.7,52,"26,844",Christoph Zimmermann,4-2-3-1,James Linington,Match Report,
2019-02-02,17:30 (10:30),Championship,Matchweek 30,Sat,Away,W,3,1,Leeds United,1.5,1.2,38,"36,524",Christoph Zimmermann,4-2-3-1,Stuart Attwell,Match Report,
2019-02-10,12:00 (05:00),Championship,Matchweek 31,Sun,Home,W,3,0,Ipswich Town,1.6,0.7,48,"27,040",Christoph Zimmermann,4-2-3-1,Peter Bankes,Match Report,
2019-02-13,19:45 (12:45),Championship,Matchweek 32,Wed,Away,L,1,3,Preston,2.5,2.0,60,"11,280",Alexander Tettey,4-2-3-1,Geoff Eltringham,Match Report,
2019-02-16,15:00 (08:00),Championship,Matchweek 33,Sat,Away,W,4,0,Bolton,3.0,0.9,69,"14,006",Christoph Zimmermann,4-2-3-1,Andy Woolmer,Match Report,
2019-02-23,15:00 (08:00),Championship,Matchweek 34,Sat,Home,W,3,2,Bristol City,2.6,1.4,58,"26,338",Christoph Zimmermann,4-2-3-1,Gavin Ward,Match Report,
2019-03-02,15:00 (08:00),Championship,Matchweek 35,Sat,Away,W,3,1,Millwall,2.0,1.7,58,"16,748",Christoph Zimmermann,4-2-3-1,David Webb,Match Report,
2019-03-08,19:45 (12:45),Championship,Matchweek 36,Fri,Home,W,1,0,Swansea City,0.4,0.5,48,"26,360",Christoph Zimmermann,4-2-3-1,Robert Jones,Match Report,
2019-03-13,19:45 (12:45),Championship,Matchweek 37,Wed,Home,W,3,2,Hull City,1.9,0.7,61,"25,879",Christoph Zimmermann,4-2-3-1,Andy Madley,Match Report,
2019-03-16,15:00 (08:00),Championship,Matchweek 38,Sat,Away,W,2,1,Rotherham Utd,1.7,0.6,62,"11,026",Christoph Zimmermann,4-2-3-1,Oliver Langford,Match Report,
2019-03-30,17:30 (10:30),Championship,Matchweek 39,Sat,Away,W,1,0,Middlesbrough,1.0,1.3,59,"23,795",Christoph Zimmermann,4-2-3-1,David Coote,Match Report,
2019-04-06,12:30 (04:30),Championship,Matchweek 40,Sat,Home,W,4,0,QPR,3.0,0.3,67,"26,796",Christoph Zimmermann,4-2-3-1,Scott Duncan,Match Report,
2019-04-10,19:45 (11:45),Championship,Matchweek 41,Wed,Home,D,2,2,Reading,2.7,0.5,73,"26,662",Christoph Zimmermann,4-2-3-1,Keith Stroud,Match Report,
2019-04-14,12:00 (04:00),Championship,Matchweek 42,Sun,Away,D,1,1,Wigan Athletic,1.8,2.1,64,"15,655",Christoph Zimmermann,4-2-3-1,James Linington,Match Report,
2019-04-19,19:45 (11:45),Championship,Matchweek 43,Fri,Home,D,2,2,Sheffield Weds,1.8,1.4,58,"26,744",Christoph Zimmermann,4-2-3-1,Geoff Eltringham,Match Report,
2019-04-22,15:00 (07:00),Championship,Matchweek 44,Mon,Away,D,2,2,Stoke City,1.5,1.1,67,"25,487",Christoph Zimmermann,4-2-3-1,Tony Harrington,Match Report,
2019-04-27,19:30 (11:30),Championship,Matchweek 45,Sat,Home,W,2,1,Blackburn,1.8,0.4,57,"26,848",Christoph Zimmermann,4-2-3-1,Andy Madley,Match Report,
2019-05-05,12:30 (04:30),Championship,Matchweek 46,Sun,Away,W,2,1,Aston Villa,2.0,1.0,54,"41,696",Christoph Zimmermann,4-2-3-1,Peter Bankes,Match Report,
2019-08-09,20:00 (12:00),Premier League,Matchweek 1,Fri,Away,L,1,4,Liverpool,0.9,1.8,43,"53,333",Grant Hanley,4-2-3-1,Michael Oliver,Match Report,
2019-08-17,15:00 (07:00),Premier League,Matchweek 2,Sat,Home,W,3,1,Newcastle Utd,1.7,0.9,63,"27,059",Grant Hanley,4-2-3-1,Stuart Attwell,Match Report,
2019-08-24,12:30 (04:30),Premier League,Matchweek 3,Sat,Home,L,2,3,Chelsea,1.1,1.5,46,"27,032",Grant Hanley,4-2-3-1,Martin Atkinson,Match Report,
2019-08-27,19:45 (11:45),EFL Cup,Second round,Tue,Away,L,0,1,Crawley Town,,,75,"5,109",Timm Klose,4-2-3-1,John Busby,Match Report,
2019-08-31,15:00 (07:00),Premier League,Matchweek 4,Sat,Away,L,0,2,West Ham,1.4,2.0,52,"59,950",Christoph Zimmermann,4-2-3-1,Paul Tierney,Match Report,
2019-09-14,17:30 (09:30),Premier League,Matchweek 5,Sat,Home,W,3,2,Manchester City,1.5,2.3,32,"27,035",Alexander Tettey,4-2-3-1,Kevin Friend,Match Report,
2019-09-21,15:00 (07:00),Premier League,Matchweek 6,Sat,Away,L,0,2,Burnley,0.8,2.0,58,"19,712",Alexander Tettey,4-2-3-1,David Coote,Match Report,
2019-09-28,15:00 (07:00),Premier League,Matchweek 7,Sat,Away,L,0,2,Crystal Palace,0.7,1.5,55,"25,477",Ben Godfrey,4-2-3-1,Jonathan Moss,Match Report,
2019-10-05,15:00 (07:00),Premier League,Matchweek 8,Sat,Home,L,1,5,Aston Villa,2.6,3.0,57,"27,045",Ben Godfrey,4-2-3-1,Andy Madley,Match Report,
2019-10-19,15:00 (07:00),Premier League,Matchweek 9,Sat,Away,D,0,0,Bournemouth,0.4,0.7,52,"10,669",Alexander Tettey,4-1-4-1,Lee Mason,Match Report,
2019-10-27,16:30 (09:30),Premier League,Matchweek 10,Sun,Home,L,1,3,Manchester Utd,1.0,4.2,46,"27,108",Alexander Tettey,4-1-4-1,Stuart Attwell,Match Report,
2019-11-02,15:00 (08:00),Premier League,Matchweek 11,Sat,Away,L,0,2,Brighton,0.4,2.7,42,"30,539",Alexander Tettey,4-2-3-1,Kevin Friend,Match Report,
2019-11-08,20:00 (13:00),Premier League,Matchweek 12,Fri,Home,L,0,2,Watford,0.7,1.3,66,"27,074",Alexander Tettey,4-2-3-1,Andre Marriner,Match Report,
2019-11-23,15:00 (08:00),Premier League,Matchweek 13,Sat,Away,W,2,0,Everton,1.7,0.9,43,"39,241",Alexander Tettey,4-2-3-1,Anthony Taylor,Match Report,
2019-12-01,14:00 (07:00),Premier League,Matchweek 14,Sun,Home,D,2,2,Arsenal,0.8,1.9,40,"27,067",Christoph Zimmermann,4-2-3-1,Paul Tierney,Match Report,
2019-12-04,19:30 (12:30),Premier League,Matchweek 15,Wed,Away,L,1,2,Southampton,0.9,1.7,60,"27,019",Christoph Zimmermann,4-2-3-1,Kevin Friend,Match Report,
2019-12-08,14:00 (07:00),Premier League,Matchweek 16,Sun,Home,L,1,2,Sheffield Utd,0.7,0.8,58,"26,881",Alexander Tettey,4-2-3-1,Simon Hooper,Match Report,
2019-12-14,15:00 (08:00),Premier League,Matchweek 17,Sat,Away,D,1,1,Leicester City,1.1,1.1,43,"32,101",Alexander Tettey,4-2-3-1,Andy Madley,Match Report,
2019-12-21,15:00 (08:00),Premier League,Matchweek 18,Sat,Home,L,1,2,Wolves,1.3,1.4,50,"27,053",Grant Hanley,4-2-3-1,Peter Bankes,Match Report,
2019-12-26,15:00 (08:00),Premier League,Matchweek 19,Thu,Away,L,0,1,Aston Villa,1.2,0.6,57,"41,289",Grant Hanley,4-2-3-1,Chris Kavanagh,Match Report,
2019-12-28,17:30 (10:30),Premier League,Matchweek 20,Sat,Home,D,2,2,Tottenham,0.2,1.9,42,"27,072",Grant Hanley,4-2-3-1,Kevin Friend,Match Report,
2020-01-01,17:30 (10:30),Premier League,Matchweek 21,Wed,Home,D,1,1,Crystal Palace,1.4,1.3,41,"27,021",Grant Hanley,4-2-3-1,Jonathan Moss,Match Report,
2020-01-04,15:01 (08:01),FA Cup,Third round,Sat,Away,W,4,2,Preston,,,52,"7,616",Christoph Zimmermann,4-2-3-1,Martin Atkinson,Match Report,
2020-01-11,15:00 (08:00),Premier League,Matchweek 22,Sat,Away,L,0,4,Manchester Utd,0.3,2.9,40,"73,271",Grant Hanley,4-2-3-1,Anthony Taylor,Match Report,
2020-01-18,15:00 (08:00),Premier League,Matchweek 23,Sat,Home,W,1,0,Bournemouth,1.8,0.7,65,"26,781",Alexander Tettey,4-2-3-1,Paul Tierney,Match Report,
2020-01-22,19:30 (12:30),Premier League,Matchweek 24,Wed,Away,L,1,2,Tottenham,1.5,2.1,49,"58,182",Grant Hanley,4-2-3-1,Chris Kavanagh,Match Report,
2020-01-25,15:00 (08:00),FA Cup,Fourth round,Sat,Away,W,2,1,Burnley,,,51,"8,071",Grant Hanley,4-2-3-1,Michael Oliver,Match Report,
2020-02-01,15:00 (08:00),Premier League,Matchweek 25,Sat,Away,D,0,0,Newcastle Utd,2.2,1.0,56,"52,204",Grant Hanley,4-2-3-1,Martin Atkinson,Match Report,
2020-02-15,17:30 (10:30),Premier League,Matchweek 26,Sat,Home,L,0,1,Liverpool,0.3,2.0,37,"27,110",Grant Hanley,4-2-3-1,Stuart Attwell,Match Report,
2020-02-23,14:00 (07:00),Premier League,Matchweek 27,Sun,Away,L,0,3,Wolves,0.4,2.9,60,"31,046",Grant Hanley,4-2-3-1,Chris Kavanagh,Match Report,
,,,,,,,,,,,,,,,,,,
2020-02-28,20:00 (13:00),Premier League,Matchweek 28,Fri,Home,W,1,0,Leicester City,0.6,1.3,43,"27,010",Grant Hanley,4-2-3-1,Craig Pawson,Match Report,
2020-03-04,19:45 (12:45),FA Cup,Fifth round,Wed,Away,D,1 (3),1 (2),Tottenham,,,50,"58,007",Grant Hanley,4-2-3-1,Paul Tierney,Match Report,Norwich City won on penalty kicks following extra time
2020-03-07,15:00 (08:00),Premier League,Matchweek 29,Sat,Away,L,0,1,Sheffield Utd,2.4,0.9,58,"31,379",Grant Hanley,4-2-3-1,Simon Hooper,Match Report,
2020-06-19,18:00 (10:00),Premier League,Matchweek 30,Fri,Home,L,0,3,Southampton,0.6,1.7,54,,Timm Klose,4-4-2,Kevin Friend,Match Report,
2020-06-24,18:00 (10:00),Premier League,Matchweek 31,Wed,Home,L,0,1,Everton,0.4,0.8,47,,Alexander Tettey,4-2-3-1,Andy Madley,Match Report,
2020-06-27,17:30 (09:30),FA Cup,Quarter-finals,Sat,Home,L,1,2,Manchester Utd,,,34,,Alexander Tettey,3-4-3,Jonathan Moss,Match Report,Required Extra Time
2020-07-01,18:00 (10:00),Premier League,Matchweek 32,Wed,Away,L,0,4,Arsenal,0.3,1.5,49,,Alexander Tettey,4-1-4-1,Peter Bankes,Match Report,
2020-07-04,12:30 (04:30),Premier League,Matchweek 33,Sat,Home,L,0,1,Brighton,0.6,1.0,58,,Alexander Tettey,4-2-3-1,Stuart Attwell,Match Report,
2020-07-07,18:00 (10:00),Premier League,Matchweek 34,Tue,Away,L,1,2,Watford,1.2,1.2,56,,Alexander Tettey,4-2-3-1,Anthony Taylor,Match Report,
2020-07-11,12:30 (04:30),Premier League,Matchweek 35,Sat,Home,L,0,4,West Ham,0.6,3.5,53,,Alexander Tettey,4-2-3-1,Kevin Friend,Match Report,
2020-07-14,20:15 (12:15),Premier League,Matchweek 36,Tue,Away,L,0,1,Chelsea,0.1,2.5,33,,Alexander Tettey,4-1-4-1,Jonathan Moss,Match Report,
2020-07-18,17:30 (09:30),Premier League,Matchweek 37,Sat,Home,L,0,2,Burnley,0.3,1.8,42,,Alexander Tettey,4-2-3-1,Kevin Friend,Match Report,
2020-07-26,16:00 (08:00),Premier League,Matchweek 38,Sun,Away,L,0,5,Manchester City,1.0,3.2,27,,Christoph Zimmermann,4-2-3-1,Craig Pawson,Match Report,
2020-09-05,15:00 (07:00),EFL Cup,First round,Sat,Away,L,1,3,Luton Town,,,56,,Alexander Tettey,4-2-3-1,John Busby,Match Report,
2020-09-12,15:00 (07:00),Championship,Matchweek 1,Sat,Away,W,1,0,Huddersfield,1.4,0.3,51,,Christoph Zimmermann,4-2-3-1,Geoff Eltringham,Match Report,
2020-09-19,15:00 (07:00),Championship,Matchweek 2,Sat,Home,D,2,2,Preston,1.4,2.8,55,,Christoph Zimmermann,4-2-3-1,John Brooks,Match Report,
2020-09-27,16:00 (08:00),Championship,Matchweek 3,Sun,Away,L,0,1,Bournemouth,0.7,0.9,64,,Christoph Zimmermann,4-1-4-1,James Linington,Match Report,
2020-10-03,12:30 (04:30),Championship,Matchweek 4,Sat,Home,L,0,1,Derby County,2.0,0.4,65,,Christoph Zimmermann,4-2-3-1,Stuart Attwell,Match Report,
2020-10-17,15:00 (07:00),Championship,Matchweek 5,Sat,Away,W,2,1,Rotherham Utd,2.8,2.6,62,,Grant Hanley,4-2-3-1,David Webb,Match Report,
2020-10-20,19:45 (11:45),Championship,Matchweek 6,Tue,Home,W,1,0,Birmingham City,1.4,0.3,73,,Grant Hanley,4-2-3-1,Oliver Langford,Match Report,
2020-10-24,15:00 (07:00),Championship,Matchweek 7,Sat,Home,W,2,1,Wycombe,1.9,0.9,75,,Grant Hanley,4-2-3-1,Gavin Ward,Match Report,
2020-10-27,19:45 (12:45),Championship,Matchweek 8,Tue,Away,D,1,1,Brentford,0.9,2.0,56,,Grant Hanley,4-2-3-1,Jeremy Simpson,Match Report,
2020-10-31,12:30 (05:30),Championship,Matchweek 9,Sat,Away,W,3,1,Bristol City,2.1,1.7,55,,Grant Hanley,4-2-3-1,Jarred Gillett,Match Report,
2020-11-03,19:00 (12:00),Championship,Matchweek 10,Tue,Home,D,0,0,Millwall,1.7,0.2,61,,Grant Hanley,4-2-3-1,Tim Robinson,Match Report,
2020-11-07,15:00 (08:00),Championship,Matchweek 11,Sat,Home,W,1,0,Swansea City,1.5,1.5,56,,Grant Hanley,4-2-3-1,Darren England,Match Report,
2020-11-21,15:00 (08:00),Championship,Matchweek 12,Sat,Away,W,1,0,Middlesbrough,1.5,1.7,61,,Grant Hanley,4-2-3-1,Tony Harrington,Match Report,
2020-11-24,19:00 (12:00),Championship,Matchweek 13,Tue,Away,W,3,2,Stoke City,1.2,1.9,50,,Grant Hanley,4-2-3-1,Geoff Eltringham,Match Report,
2020-11-28,15:00 (08:00),Championship,Matchweek 14,Sat,Home,D,1,1,Coventry City,1.3,1.7,63,,Grant Hanley,4-2-3-1,Keith Stroud,Match Report,
2020-12-02,19:45 (12:45),Championship,Matchweek 15,Wed,Away,L,1,3,Luton Town,1.2,1.4,68,"1,000",Grant Hanley,4-2-3-1,Darren England,Match Report,
2020-12-05,15:00 (08:00),Championship,Matchweek 16,Sat,Home,W,2,1,Sheffield Weds,2.1,0.7,69,"2,000",Grant Hanley,4-2-3-1,Jarred Gillett,Match Report,
2020-12-09,19:45 (12:45),Championship,Matchweek 17,Wed,Home,W,2,1,Nott'ham Forest,0.9,0.8,58,,Grant Hanley,4-2-3-1,Darren Bond,Match Report,
2020-12-12,15:00 (08:00),Championship,Matchweek 18,Sat,Away,W,2,1,Blackburn,1.7,1.2,43,,Grant Hanley,4-2-3-1,Dean Whitestone,Match Report,
2020-12-16,20:00 (13:00),Championship,Matchweek 19,Wed,Away,W,2,1,Reading,1.5,0.4,54,,Grant Hanley,4-2-3-1,Geoff Eltringham,Match Report,
2020-12-19,12:30 (05:30),Championship,Matchweek 20,Sat,Home,W,2,0,Cardiff City,1.1,0.9,61,"2,000",Grant Hanley,4-2-3-1,Tim Robinson,Match Report,
2020-12-26,19:45 (12:45),Championship,Matchweek 21,Sat,Away,L,0,1,Watford,0.6,2.0,65,,Grant Hanley,4-2-3-1,John Brooks,Match Report,
2020-12-29,19:45 (12:45),Championship,Matchweek 22,Tue,Home,D,1,1,QPR,2.4,2.1,63,,Grant Hanley,4-2-3-1,Oliver Langford,Match Report,
2021-01-02,15:00 (08:00),Championship,Matchweek 23,Sat,Home,W,1,0,Barnsley,1.7,1.1,65,,Grant Hanley,4-2-3-1,Michael Salisbury,Match Report,
2021-01-09,12:00 (05:00),FA Cup,Third round proper,Sat,Home,W,2,0,Coventry City,,,62,,Alexander Tettey,4-1-4-1,Darren Drysdale,Match Report,
2021-01-16,15:00 (08:00),Championship,Matchweek 24,Sat,Away,W,2,1,Cardiff City,1.9,0.5,54,,Grant Hanley,4-2-3-1,Tony Harrington,Match Report,
2021-01-20,18:00 (11:00),Championship,Matchweek 25,Wed,Home,W,2,0,Bristol City,2.0,0.1,63,,Grant Hanley,4-2-3-1,James Linington,Match Report,
2021-01-23,15:00 (08:00),FA Cup,Fourth round proper,Sat,Away,L,0,1,Barnsley,,,71,,Grant Hanley,4-2-3-1,John Brooks,Match Report,
2021-01-30,12:30 (05:30),Championship,Matchweek 27,Sat,Home,D,0,0,Middlesbrough,0.8,0.6,61,,Grant Hanley,4-2-3-1,Keith Stroud,Match Report,
2021-02-02,18:00 (11:00),Championship,Matchweek 26,Tue,Away,D,0,0,Millwall,1.0,1.5,64,,Grant Hanley,4-2-3-1,Steve Martin,Match Report,
,,,,,,,,,,,,,,,,,,
2021-02-05,20:15 (13:15),Championship,Matchweek 28,Fri,Away,L,0,2,Swansea City,0.7,0.7,61,,Grant Hanley,4-2-3-1,Simon Hooper,Match Report,
2021-02-13,15:00 (08:00),Championship,Matchweek 29,Sat,Home,W,4,1,Stoke City,2.9,1.1,59,,Grant Hanley,4-2-3-1,Jeremy Simpson,Match Report,
2021-02-17,19:00 (12:00),Championship,Matchweek 30,Wed,Away,W,2,0,Coventry City,1.4,0.8,64,,Grant Hanley,4-2-3-1,Jarred Gillett,Match Report,
2021-02-20,15:00 (08:00),Championship,Matchweek 31,Sat,Home,W,1,0,Rotherham Utd,2.1,0.9,59,,Grant Hanley,4-2-3-1,Tony Harrington,Match Report,
2021-02-23,19:00 (12:00),Championship,Matchweek 32,Tue,Away,W,3,1,Birmingham City,2.3,1.6,63,,Grant Hanley,4-2-3-1,Oliver Langford,Match Report,
2021-02-28,12:00 (05:00),Championship,Matchweek 33,Sun,Away,W,2,0,Wycombe,2.8,0.5,71,,Grant Hanley,4-2-3-1,Robert Jones,Match Report,
2021-03-03,17:30 (10:30),Championship,Matchweek 34,Wed,Home,W,1,0,Brentford,1.6,0.9,45,,Grant Hanley,4-2-3-1,Tim Robinson,Match Report,
2021-03-06,15:00 (08:00),Championship,Matchweek 35,Sat,Home,W,3,0,Luton Town,2.2,1.0,67,,Grant Hanley,4-2-3-1,David Webb,Match Report,
2021-03-14,12:15 (05:15),Championship,Matchweek 36,Sun,Away,W,2,1,Sheffield Weds,1.1,0.9,59,,Grant Hanley,4-2-3-1,Tony Harrington,Match Report,
2021-03-17,19:00 (12:00),Championship,Matchweek 37,Wed,Away,W,2,0,Nott'ham Forest,1.5,0.6,65,,Grant Hanley,4-2-3-1,Leigh Doughty,Match Report,
2021-03-20,15:00 (08:00),Championship,Matchweek 38,Sat,Home,D,1,1,Blackburn,2.2,1.1,55,,Grant Hanley,4-2-3-1,Keith Stroud,Match Report,
2021-04-02,15:00 (07:00),Championship,Matchweek 39,Fri,Away,D,1,1,Preston,2.5,1.1,65,,Grant Hanley,4-2-3-1,Dean Whitestone,Match Report,
2021-04-06,19:45 (11:45),Championship,Matchweek 40,Tue,Home,W,7,0,Huddersfield,4.3,0.3,68,,Grant Hanley,4-2-3-1,Jarred Gillett,Match Report,
2021-04-10,15:00 (07:00),Championship,Matchweek 41,Sat,Away,W,1,0,Derby County,0.9,1.3,61,,Grant Hanley,4-2-3-1,Michael Salisbury,Match Report,
2021-04-17,20:00 (12:00),Championship,Matchweek 42,Sat,Home,L,1,3,Bournemouth,0.8,1.6,35,,Grant Hanley,4-2-3-1,Graham Scott,Match Report,
2021-04-20,18:00 (10:00),Championship,Matchweek 43,Tue,Home,L,0,1,Watford,0.8,1.8,53,,Grant Hanley,4-2-3-1,Tim Robinson,Match Report,
2021-04-24,15:00 (07:00),Championship,Matchweek 44,Sat,Away,W,3,1,QPR,2.0,2.1,57,,Grant Hanley,4-2-3-1,James Linington,Match Report,
2021-05-01,15:00 (07:00),Championship,Matchweek 45,Sat,Home,W,4,1,Reading,2.9,0.4,63,,Grant Hanley,4-2-3-1,Oliver Langford,Match Report,
2021-05-08,12:30 (04:30),Championship,Matchweek 46,Sat,Away,D,2,2,Barnsley,1.3,1.3,66,,Alexander Tettey,4-2-3-1,Joshua Smith,Match Report,
2021-08-14,17:30 (09:30),Premier League,Matchweek 1,Sat,Home,L,0,3,Liverpool,1.4,1.6,50,"27,023",Grant Hanley,4-3-3,Andre Marriner,Match Report,
2021-08-21,15:00 (07:00),Premier League,Matchweek 2,Sat,Away,L,0,5,Manchester City,0.1,2.6,33,"51,437",Grant Hanley,4-3-3,Graham Scott,Match Report,
2021-08-24,19:00 (11:00),EFL Cup,Second round,Tue,Home,W,6,0,Bournemouth,,,49,"20,090",Christoph Zimmermann,4-3-3,Charles Breakspear,Match Report,
2021-08-28,15:00 (07:00),Premier League,Matchweek 3,Sat,Home,L,1,2,Leicester City,1.5,1.5,45,"26,765",Grant Hanley,4-3-3,Robert Jones,Match Report,
2021-09-11,15:00 (07:00),Premier League,Matchweek 4,Sat,Away,L,0,1,Arsenal,0.7,2.7,49,"58,000",Grant Hanley,4-3-3,Michael Oliver,Match Report,
2021-09-18,15:00 (07:00),Premier League,Matchweek 5,Sat,Home,L,1,3,Watford,1.0,2.4,49,"26,649",Grant Hanley,4-3-3,Robert Jones,Match Report,
2021-09-21,19:45 (11:45),EFL Cup,Third round,Tue,Home,L,0,3,Liverpool,,,47,"26,353",Grant Hanley,3-1-4-2,Darren England,Match Report,
2021-09-25,15:00 (07:00),Premier League,Matchweek 6,Sat,Away,L,0,2,Everton,0.5,1.9,53,"38,821",Grant Hanley,5-3-2,David Coote,Match Report,
2021-10-02,15:00 (07:00),Premier League,Matchweek 7,Sat,Away,D,0,0,Burnley,0.6,1.2,44,"17,427",Grant Hanley,5-3-2,Kevin Friend,Match Report,
2021-10-16,15:00 (07:00),Premier League,Matchweek 8,Sat,Home,D,0,0,Brighton,1.2,0.8,36,"26,777",Grant Hanley,5-3-2,Peter Bankes,Match Report,
2021-10-23,12:30 (04:30),Premier League,Matchweek 9,Sat,Away,L,0,7,Chelsea,0.1,3.1,38,"40,113",Grant Hanley,3-5-2,Andy Madley,Match Report,
2021-10-31,14:00 (07:00),Premier League,Matchweek 10,Sun,Home,L,1,2,Leeds United,0.8,0.7,48,"26,913",Grant Hanley,4-4-2,Anthony Taylor,Match Report,
2021-11-06,15:00 (08:00),Premier League,Matchweek 11,Sat,Away,W,2,1,Brentford,1.2,2.5,36,"16,837",Ben Gibson,4-2-3-1,Jarred Gillett,Match Report,
2021-11-20,15:00 (08:00),Premier League,Matchweek 12,Sat,Home,W,2,1,Southampton,0.5,1.0,38,"26,885",Grant Hanley,4-3-3,Martin Atkinson,Match Report,
2021-11-27,15:00 (08:00),Premier League,Matchweek 13,Sat,Home,D,0,0,Wolves,1.6,0.3,43,"26,911",Grant Hanley,4-1-4-1,Simon Hooper,Match Report,
2021-11-30,19:30 (12:30),Premier League,Matchweek 14,Tue,Away,D,1,1,Newcastle Utd,1.2,1.1,68,"50,757",Grant Hanley,4-1-4-1,Andy Madley,Match Report,
2021-12-05,14:00 (07:00),Premier League,Matchweek 15,Sun,Away,L,0,3,Tottenham,1.2,1.6,59,"57,088",Grant Hanley,5-3-2,Jarred Gillett,Match Report,
2021-12-11,17:30 (10:30),Premier League,Matchweek 16,Sat,Home,L,0,1,Manchester Utd,1.2,2.0,48,"27,606",Grant Hanley,4-3-3,Darren England,Match Report,
2021-12-14,19:45 (12:45),Premier League,Matchweek 17,Tue,Home,L,0,2,Aston Villa,0.5,2.0,50,"26,836",Ben Gibson,4-3-3,David Coote,Match Report,
2021-12-26,15:00 (08:00),Premier League,Matchweek 19,Sun,Home,L,0,5,Arsenal,0.1,2.5,36,"26,940",Ben Gibson,4-2-3-1,Graham Scott,Match Report,
2021-12-28,15:00 (08:00),Premier League,Matchweek 20,Tue,Away,L,0,3,Crystal Palace,0.9,1.9,49,"24,433",Ben Gibson,4-2-3-1,Paul Tierney,Match Report,
2022-01-09,14:00 (07:00),FA Cup,Third round proper,Sun,Away,W,1,0,Charlton Ath,,,49,"13,835",Grant Hanley,4-5-1,Joshua Smith,Match Report,
2022-01-12,19:45 (12:45),Premier League,Matchweek 18,Wed,Away,L,0,2,West Ham,0.3,2.5,38,"59,775",Grant Hanley,4-2-3-1,Simon Hooper,Match Report,
2022-01-15,15:00 (08:00),Premier League,Matchweek 22,Sat,Home,W,2,1,Everton,1.0,0.6,41,"26,629",Grant Hanley,4-4-2,Andy Madley,Match Report,
2022-01-21,20:00 (13:00),Premier League,Matchweek 23,Fri,Away,W,3,0,Watford,1.1,1.2,33,"20,782",Grant Hanley,4-4-2,Mike Dean,Match Report,
2022-02-05,15:00 (08:00),FA Cup,Fourth round proper,Sat,Away,W,1,0,Wolves,,,35,"30,736",Grant Hanley,4-3-3,David Coote,Match Report,
2022-02-09,19:45 (12:45),Premier League,Matchweek 24,Wed,Home,D,1,1,Crystal Palace,0.4,1.3,30,"26,652",Grant Hanley,4-4-2,Paul Tierney,Match Report,
2022-02-12,17:30 (10:30),Premier League,Matchweek 25,Sat,Home,L,0,4,Manchester City,0.4,4.6,29,"27,010",Grant Hanley,4-3-3,Andre Marriner,Match Report,
2022-02-19,15:00 (08:00),Premier League,Matchweek 26,Sat,Away,L,1,3,Liverpool,0.6,3.6,31,"53,135",Grant Hanley,4-3-3,Mike Dean,Match Report,
2022-02-25,20:00 (13:00),Premier League,Matchweek 27,Fri,Away,L,0,2,Southampton,0.6,2.6,42,"31,182",Grant Hanley,4-1-4-1,Simon Hooper,Match Report,
,,,,,,,,,,,,,,,,,,
2022-03-02,20:15 (13:15),FA Cup,Fifth round proper,Wed,Away,L,1,2,Liverpool,,,35,"52,231",Ben Gibson,4-3-3,Martin Atkinson,Match Report,
2022-03-05,15:00 (08:00),Premier League,Matchweek 28,Sat,Home,L,1,3,Brentford,1.0,2.0,60,"26,887",Grant Hanley,4-2-3-1,Anthony Taylor,Match Report,
2022-03-10,19:30 (12:30),Premier League,Matchweek 30,Thu,Home,L,1,3,Chelsea,1.0,1.8,34,"26,684",Grant Hanley,5-3-2,Martin Atkinson,Match Report,
2022-03-13,14:00 (07:00),Premier League,Matchweek 29,Sun,Away,L,1,2,Leeds United,1.5,2.5,48,"36,321",Ben Gibson,4-3-3,Stuart Attwell,Match Report,
2022-04-02,15:00 (07:00),Premier League,Matchweek 31,Sat,Away,D,0,0,Brighton,0.4,2.8,37,"31,245",Grant Hanley,4-1-2-1-2◆,Simon Hooper,Match Report,
2022-04-10,14:00 (06:00),Premier League,Matchweek 32,Sun,Home,W,2,0,Burnley,1.7,1.7,45,"26,361",Grant Hanley,4-2-3-1,Michael Oliver,Match Report,
2022-04-16,15:00 (07:00),Premier League,Matchweek 33,Sat,Away,L,2,3,Manchester Utd,1.5,1.9,39,"73,381",Grant Hanley,4-2-3-1,Andy Madley,Match Report,
2022-04-23,15:00 (07:00),Premier League,Matchweek 34,Sat,Home,L,0,3,Newcastle Utd,0.6,1.9,46,"26,910",Grant Hanley,4-2-3-1,Chris Kavanagh,Match Report,
2022-04-30,15:00 (07:00),Premier League,Matchweek 35,Sat,Away,L,0,2,Aston Villa,0.5,1.8,55,"40,290",Grant Hanley,4-2-3-1,John Brooks,Match Report,
2022-05-08,14:00 (06:00),Premier League,Matchweek 36,Sun,Home,L,0,4,West Ham,0.8,3.0,37,"26,428",Grant Hanley,4-2-3-1,Robert Jones,Match Report,
2022-05-11,19:45 (11:45),Premier League,Matchweek 21,Wed,Away,L,0,3,Leicester City,1.1,2.0,35,"38,092",Grant Hanley,4-1-4-1,Simon Hooper,Match Report,
2022-05-15,14:00 (06:00),Premier League,Matchweek 37,Sun,Away,D,1,1,Wolves,1.1,0.9,36,"31,219",Grant Hanley,3-4-3,Tony Harrington,Match Report,
2022-05-22,16:00 (08:00),Premier League,Matchweek 38,Sun,Home,L,0,5,Tottenham,0.5,3.4,41,"27,022",Grant Hanley,5-4-1,Chris Kavanagh,Match Report,
2022-07-30,15:00 (07:00),Championship,Matchweek 1,Sat,Away,L,0,1,Cardiff City,0.3,0.1,55,"19,969",Grant Hanley,4-3-3,Tim Robinson,Match Report,
2022-08-06,12:30 (04:30),Championship,Matchweek 2,Sat,Home,D,1,1,Wigan Athletic,1.2,0.6,70,"25,595",Ben Gibson,4-3-3,Matt Donohue,Match Report,
2022-08-09,19:45 (11:45),EFL Cup,First round,Tue,Home,D,2 (4),2 (2),Birmingham City,,,57,"18,971",Grant Hanley,4-3-3,Samuel Barrott,Match Report,Norwich City won on penalty kicks following normal time
2022-08-13,15:00 (07:00),Championship,Matchweek 3,Sat,Away,L,1,2,Hull City,1.5,1.1,69,"17,028",Grant Hanley,4-3-3,James Linington,Match Report,
2022-08-16,19:45 (11:45),Championship,Matchweek 4,Tue,Home,W,2,1,Huddersfield,1.5,1.0,67,"25,369",Grant Hanley,4-3-3,Joshua Smith,Match Report,
2022-08-19,20:00 (12:00),Championship,Matchweek 5,Fri,Home,W,2,0,Millwall,1.2,1.0,62,"26,214",Grant Hanley,4-3-3,Robert Jones,Match Report,
2022-08-23,19:45 (11:45),EFL Cup,Second round,Tue,Home,D,2 (3),2 (5),Bournemouth,,,45,"20,647",Ben Gibson,4-3-3,Michael Salisbury,Match Report,Bournemouth won on penalty kicks following extra time
2022-08-27,12:30 (04:30),Championship,Matchweek 6,Sat,Away,W,1,0,Sunderland,1.8,1.8,55,"36,440",Grant Hanley,4-3-3,Tim Robinson,Match Report,
2022-08-30,19:45 (11:45),Championship,Matchweek 7,Tue,Away,W,2,1,Birmingham City,1.5,0.7,65,"16,156",Grant Hanley,4-4-1-1,Keith Stroud,Match Report,
2022-09-03,15:00 (07:00),Championship,Matchweek 8,Sat,Home,W,3,0,Coventry City,2.0,0.7,61,"26,487",Grant Hanley,4-2-3-1,Gavin Ward,Match Report,
2022-09-14,19:45 (11:45),Championship,Matchweek 10,Wed,Home,W,3,2,Bristol City,1.7,1.5,46,"35,287",Grant Hanley,4-2-3-1,David Webb,Match Report,
2022-09-17,15:00 (07:00),Championship,Matchweek 11,Sat,Home,D,1,1,West Brom,1.0,0.7,63,"26,303",Grant Hanley,4-3-3,Thomas Bramall,Match Report,
2022-10-01,15:00 (07:00),Championship,Matchweek 12,Sat,Away,W,1,0,Blackpool,1.7,1.3,51,"11,594",Grant Hanley,4-2-3-1,David Coote,Match Report,
2022-10-04,20:00 (12:00),Championship,Matchweek 13,Tue,Away,D,1,1,Reading,1.3,0.4,65,"11,978",Grant Hanley,4-3-3,Darren Bond,Match Report,
2022-10-08,15:00 (07:00),Championship,Matchweek 14,Sat,Home,L,2,3,Preston,2.0,0.9,61,"26,062",Grant Hanley,4-3-1-2,Oliver Langford,Match Report,
2022-10-15,19:45 (11:45),Championship,Matchweek 15,Sat,Away,L,1,2,Watford,1.4,2.2,54,"19,400",Grant Hanley,4-3-2-1,Darren England,Match Report,
2022-10-18,19:45 (11:45),Championship,Matchweek 16,Tue,Home,L,0,1,Luton Town,0.6,0.3,63,"25,846",Grant Hanley,4-3-3,Oliver Langford,Match Report,
2022-10-22,15:00 (07:00),Championship,Matchweek 17,Sat,Away,D,2,2,Sheffield Utd,1.4,2.9,46,"30,035",Grant Hanley,4-3-3,Joshua Smith,Match Report,
2022-10-25,20:00 (12:00),Championship,Matchweek 9,Tue,Away,L,0,1,Burnley,0.8,1.6,40,"14,858",Grant Hanley,4-3-3,Tony Harrington,Match Report,
2022-10-29,15:00 (07:00),Championship,Matchweek 18,Sat,Home,W,3,1,Stoke City,2.1,1.6,44,"26,159",Grant Hanley,4-2-3-1,Keith Stroud,Match Report,
2022-11-02,19:45 (12:45),Championship,Matchweek 19,Wed,Home,D,0,0,QPR,1.7,0.6,65,"25,458",Grant Hanley,4-2-3-1,Andrew Davies,Match Report,
2022-11-05,15:00 (08:00),Championship,Matchweek 20,Sat,Away,W,2,1,Rotherham Utd,2.0,1.0,48,"10,913",Grant Hanley,4-3-1-2,Dean Whitestone,Match Report,
2022-11-12,15:00 (08:00),Championship,Matchweek 21,Sat,Home,L,1,2,Middlesbrough,1.0,1.0,45,"26,673",Grant Hanley,4-1-2-1-2◆,Leigh Doughty,Match Report,
2022-12-10,15:00 (08:00),Championship,Matchweek 22,Sat,Away,W,1,0,Swansea City,0.7,1.7,36,"16,362",Grant Hanley,4-3-2-1,Steve Martin,Match Report,
2022-12-17,17:30 (10:30),Championship,Matchweek 23,Sat,Home,L,0,2,Blackburn,1.2,0.4,60,"25,866",Grant Hanley,4-2-3-1,Paul Tierney,Match Report,
2022-12-26,19:45 (12:45),Championship,Matchweek 24,Mon,Away,L,1,2,Luton Town,1.3,1.9,53,"9,831",Grant Hanley,3-5-2,Tim Robinson,Match Report,
2022-12-30,19:45 (12:45),Championship,Matchweek 25,Fri,Home,D,1,1,Reading,1.0,1.4,57,"26,218",Grant Hanley,4-3-3,David Webb,Match Report,
2023-01-02,15:00 (08:00),Championship,Matchweek 26,Mon,Home,L,0,1,Watford,0.7,2.2,60,"26,587",Grant Hanley,4-3-3,James Linington,Match Report,
2023-01-08,14:00 (07:00),FA Cup,Third round proper,Sun,Home,L,0,1,Blackburn,,,54,"20,472",Grant Hanley,4-2-3-1,Gavin Ward,Match Report,
2023-01-14,15:00 (08:00),Championship,Matchweek 27,Sat,Away,W,4,0,Preston,3.5,1.4,62,"11,650",Grant Hanley,4-3-3,Steve Martin,Match Report,
,,,,,,,,,,,,,,,,,,
2023-01-21,12:30 (05:30),Championship,Matchweek 28,Sat,Away,W,4,2,Coventry City,1.7,0.7,65,"19,877",Grant Hanley,4-3-3,Joshua Smith,Match Report,
2023-02-04,12:30 (05:30),Championship,Matchweek 30,Sat,Home,L,0,3,Burnley,0.4,1.2,53,"26,536",Grant Hanley,4-1-2-1-2◆,Keith Stroud,Match Report,
2023-02-11,15:00 (08:00),Championship,Matchweek 31,Sat,Away,L,0,1,Bristol City,0.7,0.9,65,"23,757",Grant Hanley,4-2-3-1,Chris Kavanagh,Match Report,
2023-02-14,19:45 (12:45),Championship,Matchweek 32,Tue,Home,W,3,1,Hull City,1.8,0.3,58,"25,767",Grant Hanley,4-2-2-2,Dean Whitestone,Match Report,
2023-02-18,15:00 (08:00),Championship,Matchweek 33,Sat,Away,D,0,0,Wigan Athletic,0.4,1.0,64,"11,603",Grant Hanley,4-4-1-1,Geoff Eltringham,Match Report,
2023-02-21,19:45 (12:45),Championship,Matchweek 29,Tue,Home,W,3,1,Birmingham City,1.4,0.7,66,"25,657",Grant Hanley,4-2-3-1,Jarred Gillett,Match Report,
2023-02-25,15:00 (08:00),Championship,Matchweek 34,Sat,Home,W,2,0,Cardiff City,1.7,0.6,64,"25,417",Grant Hanley,4-2-3-1,James Linington,Match Report,
2023-03-04,15:00 (08:00),Championship,Matchweek 35,Sat,Away,W,3,2,Millwall,0.5,1.9,54,"18,785",Grant Hanley,4-1-4-1,Graham Scott,Match Report,
2023-03-12,12:00 (05:00),Championship,Matchweek 36,Sun,Home,L,0,1,Sunderland,1.1,1.1,72,"26,874",Grant Hanley,4-1-4-1,Tim Robinson,Match Report,
2023-03-15,19:45 (12:45),Championship,Matchweek 37,Wed,Away,D,1,1,Huddersfield,0.8,0.5,66,"18,116",Grant Hanley,4-1-4-1,Keith Stroud,Match Report,
2023-03-18,15:00 (08:00),Championship,Matchweek 38,Sat,Away,D,0,0,Stoke City,0.8,1.3,36,"22,102",Grant Hanley,4-4-1-1,David Webb,Match Report,
2023-04-01,15:00 (07:00),Championship,Matchweek 39,Sat,Home,L,0,1,Sheffield Utd,0.3,1.0,53,"26,801",Grant Hanley,4-3-3,Darren Bond,Match Report,
2023-04-07,15:00 (07:00),Championship,Matchweek 40,Fri,Away,W,2,0,Blackburn,0.9,1.1,40,"18,544",Grant Hanley,4-2-3-1,Andre Marriner,Match Report,
2023-04-10,15:00 (07:00),Championship,Matchweek 41,Mon,Home,D,0,0,Rotherham Utd,1.5,0.5,66,"26,269",Andrew Omobamidele,4-2-3-1,Jeremy Simpson,Match Report,
2023-04-14,20:00 (12:00),Championship,Matchweek 42,Fri,Away,L,1,5,Middlesbrough,0.8,2.7,52,"26,429",Andrew Omobamidele,4-2-3-1,Joshua Smith,Match Report,
2023-04-19,19:45 (11:45),Championship,Matchweek 43,Wed,Away,D,1,1,QPR,2.1,1.6,68,"14,132",Andrew Omobamidele,4-2-3-1,Keith Stroud,Match Report,
2023-04-22,15:00 (07:00),Championship,Matchweek 44,Sat,Home,L,0,3,Swansea City,0.7,2.2,23,"26,135",Andrew Omobamidele,4-4-2,David Webb,Match Report,
2023-04-29,17:30 (09:30),Championship,Matchweek 45,Sat,Away,L,1,2,West Brom,0.6,2.0,51,"24,638",Andrew Omobamidele,4-2-3-1,Robert Madley,Match Report,
2023-05-08,15:00 (07:00),Championship,Matchweek 46,Mon,Home,L,0,1,Blackpool,1.9,0.8,64,"26,147",Teemu Pukki,4-3-3,James Bell,Match Report,
2023-08-05,15:00 (07:00),Championship,Matchweek 1,Sat,Home,W,2,1,Hull City,2.6,0.4,58,"25,892",Kenny McLean,4-1-2-1-2◆,Keith Stroud,Match Report,
2023-08-12,15:00 (07:00),Championship,Matchweek 2,Sat,Away,D,4,4,Southampton,2.0,3.7,31,"30,113",Kenny McLean,4-3-1-2,Darren England,Match Report,
2023-08-16,19:45 (11:45),EFL Cup,First round,Wed,Away,W,1,0,QPR,,,63,"7,813",Kenny McLean,4-2-3-1,James Linington,Match Report,
2023-08-20,12:00 (04:00),Championship,Matchweek 3,Sun,Home,W,3,1,Millwall,1.7,0.5,55,"26,218",Kenny McLean,4-2-3-1,Tony Harrington,Match Report,
2023-08-26,15:00 (07:00),Championship,Matchweek 4,Sat,Away,W,4,0,Huddersfield,2.5,1.0,56,"18,708",Kenny McLean,4-2-3-1,Dean Whitestone,Match Report,
2023-08-29,19:45 (11:45),EFL Cup,Second round,Tue,Away,W,1,0,Bristol City,,,49,"9,408",Shane Duffy,4-2-3-1,Samuel Allison,Match Report,
2023-09-02,15:00 (07:00),Championship,Matchweek 5,Sat,Away,L,1,2,Rotherham Utd,1.5,0.6,62,"11,016",Kenny McLean,4-2-3-1,Samuel Barrott,Match Report,
2023-09-16,15:00 (07:00),Championship,Matchweek 6,Sat,Home,W,1,0,Stoke City,1.2,1.2,45,"25,816",Kenny McLean,4-2-3-1,Oliver Langford,Match Report,
2023-09-20,20:00 (12:00),Championship,Matchweek 7,Wed,Home,L,0,2,Leicester City,0.9,2.3,43,"26,277",Kenny McLean,4-2-3-1,Graham Scott,Match Report,
2023-09-23,15:00 (07:00),Championship,Matchweek 8,Sat,Away,L,2,6,Plymouth Argyle,1.9,3.2,69,"16,469",Kenny McLean,4-2-3-1,Andrew Kitchen,Match Report,
2023-09-27,19:45 (11:45),EFL Cup,Third round,Wed,Away,L,1,2,Fulham,,,31,"12,831",Ben Gibson,4-2-3-1,Craig Pawson,Match Report,
2023-09-30,15:00 (07:00),Championship,Matchweek 9,Sat,Home,W,2,0,Birmingham City,1.3,1.1,57,"26,231",Kenny McLean,4-2-3-1,Gavin Ward,Match Report,
2023-10-04,19:45 (11:45),Championship,Matchweek 10,Wed,Away,L,1,2,Swansea City,1.6,2.5,45,"14,512",Kenny McLean,4-2-3-1,Tom Nield,Match Report,
2023-10-07,15:00 (07:00),Championship,Matchweek 11,Sat,Away,D,1,1,Coventry City,0.6,1.7,43,"26,548",Kenny McLean,4-2-3-1,Dean Whitestone,Match Report,
2023-10-21,15:00 (07:00),Championship,Matchweek 12,Sat,Home,L,2,3,Leeds United,0.9,1.5,46,"26,758",Kenny McLean,4-4-2,John Busby,Match Report,
2023-10-24,19:45 (11:45),Championship,Matchweek 13,Tue,Home,L,1,2,Middlesbrough,0.5,1.3,52,"25,585",Kenny McLean,4-2-3-1,Simon Hooper,Match Report,
2023-10-28,15:00 (07:00),Championship,Matchweek 14,Sat,Away,L,1,3,Sunderland,0.7,2.6,38,"39,871",Kenny McLean,4-2-3-1,Anthony Backhouse,Match Report,
2023-11-05,12:00 (05:00),Championship,Matchweek 15,Sun,Home,L,1,3,Blackburn,1.3,1.4,56,"25,696",Kenny McLean,4-2-3-1,Joshua Smith,Match Report,
2023-11-11,15:00 (08:00),Championship,Matchweek 16,Sat,Away,W,3,2,Cardiff City,3.4,1.3,54,"21,271",Kenny McLean,4-2-3-1,Rebecca Welch,Match Report,
2023-11-25,15:00 (08:00),Championship,Matchweek 17,Sat,Home,W,1,0,QPR,0.8,0.6,38,"25,650",Kenny McLean,4-2-3-1,Stephen Martin,Match Report,
2023-11-28,20:00 (13:00),Championship,Matchweek 18,Tue,Away,L,2,3,Watford,0.6,1.6,34,"16,714",Kenny McLean,4-2-3-1,Simon Hooper,Match Report,
2023-12-03,13:30 (06:30),Championship,Matchweek 19,Sun,Away,W,2,1,Bristol City,1.1,1.1,40,"20,424",Kenny McLean,4-1-3-2,Gavin Ward,Match Report,
2023-12-09,15:00 (08:00),Championship,Matchweek 20,Sat,Home,D,0,0,Preston,1.3,0.8,64,"25,761",Kenny McLean,4-2-3-1,Oliver Langford,Match Report,
2023-12-13,19:45 (12:45),Championship,Matchweek 21,Wed,Home,W,3,1,Sheffield Weds,1.6,1.4,48,"25,521",Kenny McLean,4-2-3-1,Matt Donohue,Match Report,
2023-12-16,12:30 (05:30),Championship,Matchweek 22,Sat,Away,D,2,2,Ipswich Town,0.8,2.1,35,"29,611",Kenny McLean,4-2-3-1,Joshua Smith,Match Report,
2023-12-23,15:00 (08:00),Championship,Matchweek 23,Sat,Home,W,2,0,Huddersfield,2.3,0.1,61,"26,067",Kenny McLean,4-2-3-1,Thomas Kirk,Match Report,
2023-12-26,15:00 (08:00),Championship,Matchweek 24,Tue,Away,L,0,1,West Brom,0.5,2.0,27,"25,086",Kenny McLean,4-4-2,James Bell,Match Report,
2023-12-29,19:45 (12:45),Championship,Matchweek 25,Fri,Away,L,0,1,Millwall,0.6,2.2,65,"17,715",Kenny McLean,4-4-2,Dean Whitestone,Match Report,
2024-01-01,15:00 (08:00),Championship,Matchweek 26,Mon,Home,,,,Southampton,,,,,,,,Head-to-Head,
2024-01-06,15:00 (08:00),FA Cup,Third round proper,Sat,Home,,,,Bristol Rovers,,,,,,,,Head-to-Head,
,,,,,,,,,,,,,,,,,,
2024-01-12,20:00 (13:00),Championship,Matchweek 27,Fri,Away,,,,Hull City,,,,,,,,Head-to-Head,
2024-01-20,15:00 (08:00),Championship,Matchweek 28,Sat,Home,,,,West Brom,,,,,,,,Head-to-Head,
2024-01-27,15:00 (08:00),Championship,Matchweek 29,Sat,Away,,,,Leeds United,,,,,,,,Head-to-Head,
2024-02-03,15:00 (08:00),Championship,Matchweek 30,Sat,Home,,,,Coventry City,,,,,,,,Head-to-Head,
2024-02-10,15:00 (08:00),Championship,Matchweek 31,Sat,Away,,,,QPR,,,,,,,,Head-to-Head,
2024-02-13,19:45 (12:45),Championship,Matchweek 32,Tue,Home,,,,Watford,,,,,,,,Head-to-Head,
2024-02-17,15:00 (08:00),Championship,Matchweek 33,Sat,Home,,,,Cardiff City,,,,,,,,Head-to-Head,
2024-02-24,15:00 (08:00),Championship,Matchweek 34,Sat,Away,,,,Blackburn,,,,,,,,Head-to-Head,
2024-03-02,15:00 (08:00),Championship,Matchweek 35,Sat,Home,,,,Sunderland,,,,,,,,Head-to-Head,
2024-03-06,19:45 (12:45),Championship,Matchweek 36,Wed,Away,,,,Middlesbrough,,,,,,,,Head-to-Head,
2024-03-09,15:00 (08:00),Championship,Matchweek 37,Sat,Home,,,,Rotherham Utd,,,,,,,,Head-to-Head,
2024-03-16,15:00 (08:00),Championship,Matchweek 38,Sat,Away,,,,Stoke City,,,,,,,,Head-to-Head,
2024-03-29,15:00 (08:00),Championship,Matchweek 39,Fri,Home,,,,Plymouth Argyle,,,,,,,,Head-to-Head,
2024-04-01,15:00 (07:00),Championship,Matchweek 40,Mon,Away,,,,Leicester City,,,,,,,,Head-to-Head,
2024-04-06,15:00 (07:00),Championship,Matchweek 41,Sat,Home,,,,Ipswich Town,,,,,,,,Head-to-Head,
2024-04-09,19:45 (11:45),Championship,Matchweek 42,Tue,Away,,,,Sheffield Weds,,,,,,,,Head-to-Head,
2024-04-13,15:00 (07:00),Championship,Matchweek 43,Sat,Away,,,,Preston,,,,,,,,Head-to-Head,
2024-04-20,15:00 (07:00),Championship,Matchweek 44,Sat,Home,,,,Bristol City,,,,,,,,Head-to-Head,
2024-04-27,15:00 (07:00),Championship,Matchweek 45,Sat,Home,,,,Swansea City,,,,,,,,Head-to-Head,
2024-05-04,15:00 (07:00),Championship,Matchweek 46,Sat,Away,,,,Birmingham City,,,,,,,,Head-to-Head,
